<?xml version="1.0" encoding="UTF-8" ?>
<extension type="package" version="1.6">
	<name>JCake Package</name>
	<author>eng-anabulsi.tumblr.com Team</author>
	<creationDate>2014</creationDate>
	<packagename>JCake</packagename>
	<version>V1.0</version>
	<url>http://eng-anabulsi.tumblr.com/</url>
	<packager>eng-anabulsi.tumblr.com Team</packager>
	<license>http://www.gnu.org/licenses/gpl-2.0.html GNU/GPL</license>
	<packagerurl>http://eng-anabulsi.tumblr.com/</packagerurl>
	<description>JCake extension package (Component + library)</description>
	<files folder="packages">
		<file type="library" id="cake2">cake2.zip</file>
		<file type="component" id="jcake" >com_jcake.zip</file>
	</files>
</extension>